case_id,customer_id,card_id,opened_at,closed_at,outcome,pattern,first_fraud_txn_id,txn_ids,n_txns,exposure_usd,connected_card_ids,actions_taken,report_filed,analyst_notes
CC-0001,C00259,C00259-K1,2016-07-02 07:17:26,2016-07-06 01:17:26,confirmed_fraud,card_not_present_fraud,3000120.0,3000120,1,155.43,,CREATE_CASE|BLOCK_CARD,No,Case CC-0001: cardholder C00259 reported unrecognized activity on card C00259-K1. 1 transaction(s) between 2016-07-02 and 2016-07-02 totaling $155.43 were confirmed fraudulent. Online purchases inconsistent with the cardholder's usual merchants and amounts. Card blocked and reissued. Customer reimbursed.
CC-0002,C06403,C06403-K2,2016-07-02 08:51:57,2016-07-04 05:51:57,confirmed_fraud,out_of_region_use,3000332.0,3000332,1,117.05,,CREATE_CASE|BLOCK_CARD,No,"Case CC-0002: cardholder C06403 reported unrecognized activity on card C06403-K2. 1 transaction(s) between 2016-07-02 and 2016-07-02 totaling $117.05 were confirmed fraudulent. Card-present use in a billing region the cardholder had no history in, while the cardholder retained the card. Card blocked and reissued. Customer reimbursed."
CC-0003,C05876,C05876-K2,2016-07-02 16:34:01,2016-07-05 13:34:01,cleared,none,,3000607,1,0.0,,VERIFY_WITH_CUSTOMER|CLOSE_NO_FRAUD,No,Case CC-0003: model scored a $442.92 transaction at 0.91. Cardholder confirmed travel to the billing region in question. Alert cleared.
CC-0004,C13440,C13440-K2,2016-07-02 20:05:35,2016-07-05 17:05:35,confirmed_fraud,out_of_region_use,3000906.0,3000906|3001040,2,857.92,,CREATE_CASE|BLOCK_CARD,No,"Case CC-0004: cardholder C13440 reported unrecognized activity on card C13440-K2. 2 transaction(s) between 2016-07-02 and 2016-07-02 totaling $857.92 were confirmed fraudulent. Card-present use in a billing region the cardholder had no history in, while the cardholder retained the card. Card blocked and reissued. Customer reimbursed."
CC-0005,C08945,C08945-K2,2016-07-02 21:10:20,2016-07-04 02:10:20,confirmed_fraud,out_of_region_use,3000183.0,3000183,1,39.92,,CREATE_CASE|BLOCK_CARD,No,"Case CC-0005: cardholder C08945 reported unrecognized activity on card C08945-K2. 1 transaction(s) between 2016-07-02 and 2016-07-02 totaling $39.92 were confirmed fraudulent. Card-present use in a billing region the cardholder had no history in, while the cardholder retained the card. Card blocked and reissued. Customer reimbursed."
CC-0006,C11227,C11227-K2,2016-07-02 21:21:35,2016-07-08 18:21:35,confirmed_fraud,out_of_region_use,3001230.0,3001230,1,265.07,,CREATE_CASE|BLOCK_CARD,No,"Case CC-0006: cardholder C11227 reported unrecognized activity on card C11227-K2. 1 transaction(s) between 2016-07-02 and 2016-07-02 totaling $265.07 were confirmed fraudulent. Card-present use in a billing region the cardholder had no history in, while the cardholder retained the card. Card blocked and reissued. Customer reimbursed."
CC-0007,C00732,C00732-K1,2016-07-03 00:45:04,2016-07-07 03:45:04,confirmed_fraud,card_not_present_fraud,3000264.0,3000264,1,99.91,,CREATE_CASE|BLOCK_CARD,No,Case CC-0007: cardholder C00732 reported unrecognized activity on card C00732-K1. 1 transaction(s) between 2016-07-02 and 2016-07-02 totaling $99.91 were confirmed fraudulent. Online purchases inconsistent with the cardholder's usual merchants and amounts. Online transactions came from a Trident/7.0 on ie 11.0 for desktop. Card blocked and reissued. Customer reimbursed.
CC-0008,C03667,C03667-K1,2016-07-03 00:56:48,2016-07-04 16:56:48,confirmed_fraud,account_takeover,3001018.0,3001018,1,49.04,,CREATE_CASE|BLOCK_CARD,No,Case CC-0008: cardholder C03667 reported unrecognized activity on card C03667-K1. 1 transaction(s) between 2016-07-02 and 2016-07-02 totaling $49.04 were confirmed fraudulent. Mixed-channel activity inconsistent with the cardholder; credentials and card data both used. Card blocked and reissued. Customer reimbursed.
CC-0009,C10112,C10112-K1,2016-07-03 05:55:45,2016-07-06 01:55:45,cleared,none,,3002486,1,0.0,,VERIFY_WITH_CUSTOMER|CLOSE_NO_FRAUD,No,Case CC-0009: model scored a $149.98 transaction at 0.84. Cardholder confirmed the purchase from a new phone. Device added to profile. Alert cleared.
CC-0010,C03246,C03246-K1,2016-07-03 07:04:50,2016-07-04 04:04:50,cleared,none,,3002792,1,0.0,,VERIFY_WITH_CUSTOMER|CLOSE_NO_FRAUD,No,Case CC-0010: model scored a $96.95 transaction at 0.83. Cardholder confirmed the purchase from a new phone. Device added to profile. Alert cleared.
CC-0011,C13259,C13259-K1,2016-07-03 07:46:35,2016-07-06 16:46:35,confirmed_fraud,card_not_present_new_device,3000989.0,3000989,1,149.95,,CREATE_CASE|BLOCK_CARD,No,"Case CC-0011: cardholder C13259 reported unrecognized activity on card C13259-K1. 1 transaction(s) between 2016-07-02 and 2016-07-02 totaling $149.95 were confirmed fraudulent. Online purchases from a device not previously seen on this account, inconsistent with the cardholder's history. Online transactions came from a SM-G550T Build/MMB29K on chrome 59.0 for android. Card blocked and reissued. Customer reimbursed."
CC-0012,C07220,C07220-K1,2016-07-03 08:40:41,2016-07-07 23:40:41,confirmed_fraud,card_not_present_fraud,3002019.0,3002019,1,123.52,,CREATE_CASE|BLOCK_CARD,No,Case CC-0012: cardholder C07220 reported unrecognized activity on card C07220-K1. 1 transaction(s) between 2016-07-02 and 2016-07-02 totaling $123.52 were confirmed fraudulent. Online purchases inconsistent with the cardholder's usual merchants and amounts. Card blocked and reissued. Customer reimbursed.
CC-0013,C11464,C11464-K2,2016-07-03 09:17:43,2016-07-06 06:17:43,confirmed_fraud,account_takeover,3002951.0,3002951,1,261.95,,CREATE_CASE|BLOCK_CARD,No,Case CC-0013: cardholder C11464 reported unrecognized activity on card C11464-K2. 1 transaction(s) between 2016-07-03 and 2016-07-03 totaling $261.95 were confirmed fraudulent. Mixed-channel activity inconsistent with the cardholder; credentials and card data both used. Card blocked and reissued. Customer reimbursed.
CC-0014,C01002,C01002-K1,2016-07-03 09:35:08,2016-07-08 23:35:08,confirmed_fraud,card_not_present_fraud,3002010.0,3002010,1,75.15,,CREATE_CASE|BLOCK_CARD,No,Case CC-0014: cardholder C01002 reported unrecognized activity on card C01002-K1. 1 transaction(s) between 2016-07-02 and 2016-07-02 totaling $75.15 were confirmed fraudulent. Online purchases inconsistent with the cardholder's usual merchants and amounts. Online transactions came from a Windows on chrome 62.0. Card blocked and reissued. Customer reimbursed.
CC-0015,C04597,C04597-K2,2016-07-03 11:43:21,2016-07-05 03:43:21,cleared,none,,3002758,1,0.0,,VERIFY_WITH_CUSTOMER|CLOSE_NO_FRAUD,No,Case CC-0015: model scored a $93.80 transaction at 0.92. Cardholder confirmed the purchase from a new phone. Device added to profile. Alert cleared.
CC-0016,C03575,C03575-K2,2016-07-03 18:31:19,2016-07-04 22:31:19,confirmed_fraud,out_of_region_use,3001839.0,3001839,1,68.46,,CREATE_CASE|BLOCK_CARD,No,"Case CC-0016: cardholder C03575 reported unrecognized activity on card C03575-K2. 1 transaction(s) between 2016-07-02 and 2016-07-02 totaling $68.46 were confirmed fraudulent. Card-present use in a billing region the cardholder had no history in, while the cardholder retained the card. Card blocked and reissued. Customer reimbursed."
CC-0017,C03651,C03651-K2,2016-07-03 18:52:00,2016-07-04 12:52:00,cleared,none,,3003172,1,0.0,,VERIFY_WITH_CUSTOMER|CLOSE_NO_FRAUD,No,Case CC-0017: model scored a $149.97 transaction at 0.88. Cardholder confirmed the purchase from a new phone. Device added to profile. Alert cleared.
CC-0018,C06800,C06800-K1,2016-07-03 19:37:07,2016-07-04 20:37:07,confirmed_fraud,card_not_present_new_device,3001565.0,3001565,1,150.07,,CREATE_CASE|BLOCK_CARD,No,"Case CC-0018: cardholder C06800 reported unrecognized activity on card C06800-K1. 1 transaction(s) between 2016-07-02 and 2016-07-02 totaling $150.07 were confirmed fraudulent. Online purchases from a device not previously seen on this account, inconsistent with the cardholder's history. Online transactions came from a iOS Device on mobile safari 11.0. Card blocked and reissued. Customer reimbursed."
CC-0019,C06208,C06208-K1,2016-07-03 21:52:10,2016-07-05 01:52:10,confirmed_fraud,card_not_present_new_device,3002476.0,3002476,1,225.09,,CREATE_CASE|BLOCK_CARD,No,"Case CC-0019: cardholder C06208 reported unrecognized activity on card C06208-K1. 1 transaction(s) between 2016-07-03 and 2016-07-03 totaling $225.09 were confirmed fraudulent. Online purchases from a device not previously seen on this account, inconsistent with the cardholder's history. Online transactions came from a rv:52.0 on firefox. Card blocked and reissued. Customer reimbursed."
CC-0020,C11082,C11082-K1,2016-07-03 21:54:56,2016-07-09 16:54:56,confirmed_fraud,account_takeover,3000808.0,3000808|3000825|3003871|3003906,4,433.91,,CREATE_CASE|BLOCK_CARD,No,Case CC-0020: cardholder C11082 reported unrecognized activity on card C11082-K1. 4 transaction(s) between 2016-07-02 and 2016-07-03 totaling $433.91 were confirmed fraudulent. Mixed-channel activity inconsistent with the cardholder; credentials and card data both used. Card blocked and reissued. Customer reimbursed.
CC-0021,C04265,C04265-K1,2016-07-03 22:08:36,2016-07-05 16:08:36,cleared,none,,3003708,1,0.0,,VERIFY_WITH_CUSTOMER|CLOSE_NO_FRAUD,No,Case CC-0021: model scored a $50.09 transaction at 0.86. Cardholder confirmed travel to the billing region in question. Alert cleared.
CC-0022,C07847,C07847-K2,2016-07-03 22:54:31,2016-07-04 20:54:31,confirmed_fraud,card_not_present_fraud,3001611.0,3001611,1,100.04,,CREATE_CASE|BLOCK_CARD,No,Case CC-0022: cardholder C07847 reported unrecognized activity on card C07847-K2. 1 transaction(s) between 2016-07-02 and 2016-07-02 totaling $100.04 were confirmed fraudulent. Online purchases inconsistent with the cardholder's usual merchants and amounts. Online transactions came from a Windows on firefox 57.0. Card blocked and reissued. Customer reimbursed.
CC-0023,C11309,C11309-K1,2016-07-03 23:05:27,2016-07-05 18:05:27,cleared,none,,3004228,1,0.0,,VERIFY_WITH_CUSTOMER|CLOSE_NO_FRAUD,No,Case CC-0023: model scored a $24.91 transaction at 0.94. Cardholder confirmed travel to the billing region in question. Alert cleared.
CC-0024,C06059,C06059-K2,2016-07-03 23:13:51,2016-07-08 15:13:51,confirmed_fraud,account_takeover,3003459.0,3003459|3003503,2,1894.06,,CREATE_CASE|BLOCK_CARD|FILE_REPORT,Yes,"Case CC-0024: cardholder C06059 reported unrecognized activity on card C06059-K2. 2 transaction(s) between 2016-07-03 and 2016-07-03 totaling $1,894.06 were confirmed fraudulent. Mixed-channel activity inconsistent with the cardholder; credentials and card data both used. Card blocked and reissued. Customer reimbursed."
CC-0025,C12311,C12311-K2,2016-07-03 23:24:56,2016-07-05 15:24:56,confirmed_fraud,account_takeover,3003546.0,3003546,1,100.0,,CREATE_CASE|BLOCK_CARD,No,Case CC-0025: cardholder C12311 reported unrecognized activity on card C12311-K2. 1 transaction(s) between 2016-07-03 and 2016-07-03 totaling $100.00 were confirmed fraudulent. Mixed-channel activity inconsistent with the cardholder; credentials and card data both used. Card blocked and reissued. Customer reimbursed.
CC-0026,C08842,C08842-K2,2016-07-03 23:36:27,2016-07-05 18:36:27,cleared,none,,3004354,1,0.0,,VERIFY_WITH_CUSTOMER|CLOSE_NO_FRAUD,No,Case CC-0026: model scored a $200.07 transaction at 0.99. Cardholder confirmed travel to the billing region in question. Alert cleared.
CC-0027,C02999,C02999-K2,2016-07-04 00:21:14,2016-07-05 16:21:14,confirmed_fraud,account_takeover,3003757.0,3003757,1,59.06,,CREATE_CASE|BLOCK_CARD,No,Case CC-0027: cardholder C02999 reported unrecognized activity on card C02999-K2. 1 transaction(s) between 2016-07-03 and 2016-07-03 totaling $59.06 were confirmed fraudulent. Mixed-channel activity inconsistent with the cardholder; credentials and card data both used. Card blocked and reissued. Customer reimbursed.
CC-0028,C07741,C07741-K2,2016-07-04 00:40:19,2016-07-07 15:40:19,confirmed_fraud,card_not_present_fraud,3003607.0,3003607,1,250.04,,CREATE_CASE|BLOCK_CARD,No,Case CC-0028: cardholder C07741 reported unrecognized activity on card C07741-K2. 1 transaction(s) between 2016-07-03 and 2016-07-03 totaling $250.04 were confirmed fraudulent. Online purchases inconsistent with the cardholder's usual merchants and amounts. Online transactions came from a SAMSUNG SM-J327T Build/NRD90M on samsung browser 6.2. Card blocked and reissued. Customer reimbursed.
CC-0029,C03277,C03277-K1,2016-07-04 00:43:03,2016-07-06 00:43:03,confirmed_fraud,card_not_present_new_device,3000150.0,3000150|3002210|3002242,3,600.08,,CREATE_CASE|BLOCK_CARD,No,"Case CC-0029: cardholder C03277 reported unrecognized activity on card C03277-K1. 3 transaction(s) between 2016-07-02 and 2016-07-03 totaling $600.08 were confirmed fraudulent. Online purchases from a device not previously seen on this account, inconsistent with the cardholder's history. Online transactions came from a MacOS on safari generic. Card blocked and reissued. Customer reimbursed."
CC-0030,C04762,C04762-K1,2016-07-04 00:57:01,2016-07-07 16:57:01,confirmed_fraud,out_of_region_use,3003913.0,3003913,1,59.01,,CREATE_CASE|BLOCK_CARD,No,"Case CC-0030: cardholder C04762 reported unrecognized activity on card C04762-K1. 1 transaction(s) between 2016-07-03 and 2016-07-03 totaling $59.01 were confirmed fraudulent. Card-present use in a billing region the cardholder had no history in, while the cardholder retained the card. Card blocked and reissued. Customer reimbursed."
CC-0031,C11923,C11923-K2,2016-07-04 01:23:36,2016-07-07 22:23:36,confirmed_fraud,card_not_present_new_device,3001820.0,3001820,1,20.36,,CREATE_CASE|BLOCK_CARD,No,"Case CC-0031: cardholder C11923 reported unrecognized activity on card C11923-K2. 1 transaction(s) between 2016-07-02 and 2016-07-02 totaling $20.36 were confirmed fraudulent. Online purchases from a device not previously seen on this account, inconsistent with the cardholder's history. Online transactions came from a Trident/7.0 on ie 11.0 for desktop. Card blocked and reissued. Customer reimbursed."
CC-0032,C09289,C09289-K1,2016-07-04 02:02:25,2016-07-05 22:02:25,cleared,none,,3005276,1,0.0,,VERIFY_WITH_CUSTOMER|CLOSE_NO_FRAUD,No,Case CC-0032: model scored a $100.01 transaction at 0.85. Cardholder confirmed travel to the billing region in question. Alert cleared.
CC-0033,C05704,C05704-K2,2016-07-04 02:32:22,2016-07-08 23:32:22,confirmed_fraud,account_takeover,3001937.0,3001937|3001952|3001999,3,374.83,,CREATE_CASE|BLOCK_CARD,No,Case CC-0033: cardholder C05704 reported unrecognized activity on card C05704-K2. 3 transaction(s) between 2016-07-02 and 2016-07-02 totaling $374.83 were confirmed fraudulent. Mixed-channel activity inconsistent with the cardholder; credentials and card data both used. Online transactions came from a iOS Device on mobile safari 11.0. Card blocked and reissued. Customer reimbursed.
CC-0034,C03880,C03880-K1,2016-07-04 02:48:44,2016-07-05 00:48:44,cleared,none,,3005972,1,0.0,,VERIFY_WITH_CUSTOMER|CLOSE_NO_FRAUD,No,"Case CC-0034: model scored a $1,486.49 transaction at 0.89. Cardholder confirmed the purchase. Amount unusual for this customer but consistent with their stated intent. Alert cleared."
CC-0035,C09196,C09196-K1,2016-07-04 03:40:55,2016-07-08 20:40:55,confirmed_fraud,card_not_present_fraud,3004895.0,3004895,1,150.05,,CREATE_CASE|BLOCK_CARD,No,Case CC-0035: cardholder C09196 reported unrecognized activity on card C09196-K1. 1 transaction(s) between 2016-07-03 and 2016-07-03 totaling $150.05 were confirmed fraudulent. Online purchases inconsistent with the cardholder's usual merchants and amounts. Online transactions came from a iOS Device on mobile safari 11.0. Card blocked and reissued. Customer reimbursed.
CC-0036,C03738,C03738-K2,2016-07-04 04:15:53,2016-07-06 14:15:53,confirmed_fraud,account_takeover,3003325.0,3003325,1,137.01,,CREATE_CASE|BLOCK_CARD,No,Case CC-0036: cardholder C03738 reported unrecognized activity on card C03738-K2. 1 transaction(s) between 2016-07-03 and 2016-07-03 totaling $137.01 were confirmed fraudulent. Mixed-channel activity inconsistent with the cardholder; credentials and card data both used. Card blocked and reissued. Customer reimbursed.
CC-0037,C05996,C05996-K1,2016-07-04 04:29:21,2016-07-07 03:29:21,cleared,none,,3006461,1,0.0,,VERIFY_WITH_CUSTOMER|CLOSE_NO_FRAUD,No,Case CC-0037: model scored a $31.38 transaction at 0.84. Cardholder confirmed travel to the billing region in question. Alert cleared.
CC-0038,C02717,C02717-K1,2016-07-04 05:10:48,2016-07-07 02:10:48,cleared,none,,3006275,1,0.0,,VERIFY_WITH_CUSTOMER|CLOSE_NO_FRAUD,No,Case CC-0038: model scored a $200.01 transaction at 0.86. Cardholder confirmed the purchase from a new phone. Device added to profile. Alert cleared.
CC-0039,C13061,C13061-K1,2016-07-04 05:52:18,2016-07-08 19:52:18,confirmed_fraud,account_takeover,3004695.0,3004695,1,170.93,,CREATE_CASE|BLOCK_CARD,No,Case CC-0039: cardholder C13061 reported unrecognized activity on card C13061-K1. 1 transaction(s) between 2016-07-03 and 2016-07-03 totaling $170.93 were confirmed fraudulent. Mixed-channel activity inconsistent with the cardholder; credentials and card data both used. Card blocked and reissued. Customer reimbursed.
CC-0040,C08675,C08675-K1,2016-07-04 06:10:07,2016-07-05 03:10:07,cleared,none,,3006416,1,0.0,,VERIFY_WITH_CUSTOMER|CLOSE_NO_FRAUD,No,Case CC-0040: model scored a $49.97 transaction at 0.90. Cardholder confirmed the purchase from a new phone. Device added to profile. Alert cleared.
CC-0041,C07648,C07648-K2,2016-07-04 06:39:11,2016-07-07 16:39:11,confirmed_fraud,out_of_region_use,3003842.0,3003842,1,75.03,,CREATE_CASE|BLOCK_CARD,No,"Case CC-0041: cardholder C07648 reported unrecognized activity on card C07648-K2. 1 transaction(s) between 2016-07-03 and 2016-07-03 totaling $75.03 were confirmed fraudulent. Card-present use in a billing region the cardholder had no history in, while the cardholder retained the card. Card blocked and reissued. Customer reimbursed."
CC-0042,C12094,C12094-K2,2016-07-04 07:37:59,2016-07-05 02:37:59,cleared,none,,3006354,1,0.0,,VERIFY_WITH_CUSTOMER|CLOSE_NO_FRAUD,No,Case CC-0042: model scored a $49.95 transaction at 0.91. Cardholder confirmed travel to the billing region in question. Alert cleared.
CC-0043,C10164,C10164-K1,2016-07-04 08:03:02,2016-07-09 07:03:02,confirmed_fraud,out_of_region_use,3002981.0,3002981,1,87.01,,CREATE_CASE|BLOCK_CARD,No,"Case CC-0043: cardholder C10164 reported unrecognized activity on card C10164-K1. 1 transaction(s) between 2016-07-03 and 2016-07-03 totaling $87.01 were confirmed fraudulent. Card-present use in a billing region the cardholder had no history in, while the cardholder retained the card. Card blocked and reissued. Customer reimbursed."
CC-0044,C06147,C06147-K2,2016-07-04 09:49:26,2016-07-05 22:49:26,confirmed_fraud,out_of_region_use,3005476.0,3005476,1,13.33,,CREATE_CASE|BLOCK_CARD,No,"Case CC-0044: cardholder C06147 reported unrecognized activity on card C06147-K2. 1 transaction(s) between 2016-07-03 and 2016-07-03 totaling $13.33 were confirmed fraudulent. Card-present use in a billing region the cardholder had no history in, while the cardholder retained the card. Card blocked and reissued. Customer reimbursed."
CC-0045,C07212,C07212-K2,2016-07-04 10:11:50,2016-07-05 22:11:50,confirmed_fraud,out_of_region_use,3001632.0,3001632|3002781|3003811|3005310,4,1282.82,,CREATE_CASE|BLOCK_CARD|FILE_REPORT,Yes,"Case CC-0045: cardholder C07212 reported unrecognized activity on card C07212-K2. 4 transaction(s) between 2016-07-02 and 2016-07-03 totaling $1,282.82 were confirmed fraudulent. Card-present use in a billing region the cardholder had no history in, while the cardholder retained the card. Card blocked and reissued. Customer reimbursed."
CC-0046,C01579,C01579-K1,2016-07-04 10:37:34,2016-07-08 04:37:34,confirmed_fraud,card_not_present_new_device,3002840.0,3002840,1,10.04,,CREATE_CASE|BLOCK_CARD,No,"Case CC-0046: cardholder C01579 reported unrecognized activity on card C01579-K1. 1 transaction(s) between 2016-07-03 and 2016-07-03 totaling $10.04 were confirmed fraudulent. Online purchases from a device not previously seen on this account, inconsistent with the cardholder's history. Online transactions came from a KFFOWI Build/LVY48F on chrome generic. Card blocked and reissued. Customer reimbursed."
CC-0047,C03108,C03108-K1,2016-07-04 11:05:08,2016-07-08 20:05:08,confirmed_fraud,card_not_present_fraud,3002820.0,3002820|3002828|3004711|3004734|3004746,5,50.05,,CREATE_CASE|BLOCK_CARD,No,Case CC-0047: cardholder C03108 reported unrecognized activity on card C03108-K1. 5 transaction(s) between 2016-07-03 and 2016-07-03 totaling $50.05 were confirmed fraudulent. Online purchases inconsistent with the cardholder's usual merchants and amounts. Online transactions came from a KFFOWI Build/LVY48F on chrome generic. Card blocked and reissued. Customer reimbursed.
CC-0048,C11309,C11309-K1,2016-07-04 11:15:59,2016-07-06 03:15:59,confirmed_fraud,card_not_present_fraud,3006432.0,3006432,1,149.96,,CREATE_CASE|BLOCK_CARD,No,Case CC-0048: cardholder C11309 reported unrecognized activity on card C11309-K1. 1 transaction(s) between 2016-07-04 and 2016-07-04 totaling $149.96 were confirmed fraudulent. Online purchases inconsistent with the cardholder's usual merchants and amounts. Online transactions came from a iOS Device on mobile safari 9.0. Card blocked and reissued. Customer reimbursed.
CC-0049,C01638,C01638-K1,2016-07-04 11:25:48,2016-07-07 20:25:48,confirmed_fraud,card_not_present_fraud,3004818.0,3004818|3004823,2,399.95,,CREATE_CASE|BLOCK_CARD,No,Case CC-0049: cardholder C01638 reported unrecognized activity on card C01638-K1. 2 transaction(s) between 2016-07-03 and 2016-07-03 totaling $399.95 were confirmed fraudulent. Online purchases inconsistent with the cardholder's usual merchants and amounts. Online transactions came from a Windows on firefox 57.0. Card blocked and reissued. Customer reimbursed.
CC-0050,C09221,C09221-K2,2016-07-04 13:08:31,2016-07-06 01:08:31,confirmed_fraud,out_of_region_use,3006044.0,3006044,1,48.01,,CREATE_CASE|BLOCK_CARD,No,"Case CC-0050: cardholder C09221 reported unrecognized activity on card C09221-K2. 1 transaction(s) between 2016-07-04 and 2016-07-04 totaling $48.01 were confirmed fraudulent. Card-present use in a billing region the cardholder had no history in, while the cardholder retained the card. Card blocked and reissued. Customer reimbursed."
CC-0051,C05976,C05976-K1,2016-07-04 14:46:15,2016-07-07 10:46:15,confirmed_fraud,account_takeover,3006772.0,3006772|3006774,2,177.02,,CREATE_CASE|BLOCK_CARD,No,Case CC-0051: cardholder C05976 reported unrecognized activity on card C05976-K1. 2 transaction(s) between 2016-07-04 and 2016-07-04 totaling $177.02 were confirmed fraudulent. Mixed-channel activity inconsistent with the cardholder; credentials and card data both used. Card blocked and reissued. Customer reimbursed.
CC-0052,C11595,C11595-K1,2016-07-04 15:45:08,2016-07-05 20:45:08,confirmed_fraud,card_not_present_fraud,3004914.0,3004914,1,52.36,,CREATE_CASE|BLOCK_CARD,No,Case CC-0052: cardholder C11595 reported unrecognized activity on card C11595-K1. 1 transaction(s) between 2016-07-03 and 2016-07-03 totaling $52.36 were confirmed fraudulent. Online purchases inconsistent with the cardholder's usual merchants and amounts. Card blocked and reissued. Customer reimbursed.
CC-0053,C02000,C02000-K2,2016-07-04 17:06:12,2016-07-06 06:06:12,confirmed_fraud,out_of_region_use,3006690.0,3006690,1,774.08,,CREATE_CASE|BLOCK_CARD,No,"Case CC-0053: cardholder C02000 reported unrecognized activity on card C02000-K2. 1 transaction(s) between 2016-07-04 and 2016-07-04 totaling $774.08 were confirmed fraudulent. Card-present use in a billing region the cardholder had no history in, while the cardholder retained the card. Card blocked and reissued. Customer reimbursed."
CC-0054,C05736,C05736-K1,2016-07-04 17:29:18,2016-07-07 20:29:18,confirmed_fraud,card_not_present_fraud,3004838.0,3004838,1,60.71,,CREATE_CASE|BLOCK_CARD,No,Case CC-0054: cardholder C05736 reported unrecognized activity on card C05736-K1. 1 transaction(s) between 2016-07-03 and 2016-07-03 totaling $60.71 were confirmed fraudulent. Online purchases inconsistent with the cardholder's usual merchants and amounts. Online transactions came from a Y635-L03 Build/HuaweiY635-L03 on chrome 62.0 for android. Card blocked and reissued. Customer reimbursed.
CC-0055,C04248,C04248-K2,2016-07-04 18:17:23,2016-07-06 00:17:23,confirmed_fraud,card_not_present_fraud,3005851.0,3005851,1,83.69,,CREATE_CASE|BLOCK_CARD,No,Case CC-0055: cardholder C04248 reported unrecognized activity on card C04248-K2. 1 transaction(s) between 2016-07-04 and 2016-07-04 totaling $83.69 were confirmed fraudulent. Online purchases inconsistent with the cardholder's usual merchants and amounts. Card blocked and reissued. Customer reimbursed.
CC-0056,C13171,C13171-K2,2016-07-04 18:17:38,2016-07-06 15:17:38,confirmed_fraud,card_not_present_new_device,3003521.0,3003521,1,40.21,,CREATE_CASE|BLOCK_CARD,No,"Case CC-0056: cardholder C13171 reported unrecognized activity on card C13171-K2. 1 transaction(s) between 2016-07-03 and 2016-07-03 totaling $40.21 were confirmed fraudulent. Online purchases from a device not previously seen on this account, inconsistent with the cardholder's history. Card blocked and reissued. Customer reimbursed."
CC-0057,C12598,C12598-K2,2016-07-04 18:42:19,2016-07-06 02:42:19,confirmed_fraud,account_takeover,3006366.0,3006366,1,108.42,,CREATE_CASE|BLOCK_CARD,No,Case CC-0057: cardholder C12598 reported unrecognized activity on card C12598-K2. 1 transaction(s) between 2016-07-04 and 2016-07-04 totaling $108.42 were confirmed fraudulent. Mixed-channel activity inconsistent with the cardholder; credentials and card data both used. Card blocked and reissued. Customer reimbursed.
CC-0058,C03412,C03412-K1,2016-07-04 18:53:38,2016-07-05 15:53:38,cleared,none,,3007307,1,0.0,,VERIFY_WITH_CUSTOMER|CLOSE_NO_FRAUD,No,Case CC-0058: model scored a $99.99 transaction at 0.88. Cardholder confirmed travel to the billing region in question. Alert cleared.
CC-0059,C09165,C09165-K2,2016-07-04 19:05:35,2016-07-06 23:05:35,confirmed_fraud,card_not_present_new_device,3000904.0,3000904|3001479|3005523|3005542,4,185.01,,CREATE_CASE|BLOCK_CARD,No,"Case CC-0059: cardholder C09165 reported unrecognized activity on card C09165-K2. 4 transaction(s) between 2016-07-02 and 2016-07-03 totaling $185.01 were confirmed fraudulent. Online purchases from a device not previously seen on this account, inconsistent with the cardholder's history. Card blocked and reissued. Customer reimbursed."
CC-0060,C03348,C03348-K1,2016-07-04 19:18:54,2016-07-06 14:18:54,confirmed_fraud,card_not_present_fraud,3003331.0,3003331|3003334,2,899.98,,CREATE_CASE|BLOCK_CARD,No,Case CC-0060: cardholder C03348 reported unrecognized activity on card C03348-K1. 2 transaction(s) between 2016-07-03 and 2016-07-03 totaling $899.98 were confirmed fraudulent. Online purchases inconsistent with the cardholder's usual merchants and amounts. Online transactions came from a iOS Device on mobile safari 11.0. Card blocked and reissued. Customer reimbursed.
CC-0061,C03699,C03699-K1,2016-07-04 19:51:11,2016-07-06 13:51:11,cleared,none,,3006964,1,0.0,,VERIFY_WITH_CUSTOMER|CLOSE_NO_FRAUD,No,Case CC-0061: model scored a $99.97 transaction at 0.86. Cardholder confirmed travel to the billing region in question. Alert cleared.
CC-0062,C07867,C07867-K2,2016-07-04 20:30:28,2016-07-06 08:30:28,confirmed_fraud,out_of_region_use,3003096.0,3003096|3003109|3003149|3006742,4,526.98,,CREATE_CASE|BLOCK_CARD,No,"Case CC-0062: cardholder C07867 reported unrecognized activity on card C07867-K2. 4 transaction(s) between 2016-07-03 and 2016-07-04 totaling $526.98 were confirmed fraudulent. Card-present use in a billing region the cardholder had no history in, while the cardholder retained the card. Card blocked and reissued. Customer reimbursed."
CC-0063,C11000,C11000-K2,2016-07-04 20:35:01,2016-07-06 17:35:01,confirmed_fraud,account_takeover,3000256.0,3000256|3001075|3005210|3006200|3006850|3006853|3006859|3006872|3006996|3007008|3007451|3007722,12,2659.62,,CREATE_CASE|BLOCK_CARD|FILE_REPORT,Yes,"Case CC-0063: cardholder C11000 reported unrecognized activity on card C11000-K2. 12 transaction(s) between 2016-07-02 and 2016-07-04 totaling $2,659.62 were confirmed fraudulent. Mixed-channel activity inconsistent with the cardholder; credentials and card data both used. Online transactions came from a Windows on firefox 57.0. Card blocked and reissued. Customer reimbursed."
CC-0064,C13005,C13005-K1,2016-07-04 20:35:05,2016-07-08 18:35:05,confirmed_fraud,card_not_present_fraud,3004342.0,3004342|3004343,2,450.1,,CREATE_CASE|BLOCK_CARD,No,Case CC-0064: cardholder C13005 reported unrecognized activity on card C13005-K1. 2 transaction(s) between 2016-07-03 and 2016-07-03 totaling $450.10 were confirmed fraudulent. Online purchases inconsistent with the cardholder's usual merchants and amounts. Online transactions came from a Windows on chrome 62.0. Card blocked and reissued. Customer reimbursed.
CC-0065,C03839,C03839-K1,2016-07-04 20:48:28,2016-07-05 15:48:28,cleared,none,,3007293,1,0.0,,VERIFY_WITH_CUSTOMER|CLOSE_NO_FRAUD,No,Case CC-0065: model scored a $149.94 transaction at 0.83. Cardholder confirmed travel to the billing region in question. Alert cleared.
CC-0066,C10167,C10167-K1,2016-07-04 20:52:22,2016-07-05 19:52:22,cleared,none,,3008267,1,0.0,,VERIFY_WITH_CUSTOMER|CLOSE_NO_FRAUD,No,Case CC-0066: model scored a $199.95 transaction at 0.83. Cardholder confirmed the purchase from a new phone. Device added to profile. Alert cleared.
CC-0067,C11844,C11844-K2,2016-07-04 21:00:55,2016-07-09 01:00:55,confirmed_fraud,card_not_present_fraud,3005969.0,3005969|3005996|3006014,3,111.36,,CREATE_CASE|BLOCK_CARD,No,Case CC-0067: cardholder C11844 reported unrecognized activity on card C11844-K2. 3 transaction(s) between 2016-07-04 and 2016-07-04 totaling $111.36 were confirmed fraudulent. Online purchases inconsistent with the cardholder's usual merchants and amounts. Online transactions came from a Redmi Note 4 Build/MMB29M on chrome 54.0 for android. Card blocked and reissued. Customer reimbursed.
CC-0068,C09076,C09076-K1,2016-07-04 22:05:14,2016-07-05 21:05:14,cleared,none,,3008568,1,0.0,,VERIFY_WITH_CUSTOMER|CLOSE_NO_FRAUD,No,Case CC-0068: model scored a $25.09 transaction at 0.88. Cardholder confirmed travel to the billing region in question. Alert cleared.
CC-0069,C01471,C01471-K1,2016-07-04 22:45:26,2016-07-06 14:45:26,cleared,none,,3007099,1,0.0,,VERIFY_WITH_CUSTOMER|CLOSE_NO_FRAUD,No,Case CC-0069: model scored a $99.91 transaction at 0.84. Cardholder confirmed travel to the billing region in question. Alert cleared.
CC-0070,C12166,C12166-K2,2016-07-04 22:47:14,2016-07-07 17:47:14,confirmed_fraud,account_takeover,3004140.0,3004140,1,334.94,,CREATE_CASE|BLOCK_CARD,No,Case CC-0070: cardholder C12166 reported unrecognized activity on card C12166-K2. 1 transaction(s) between 2016-07-03 and 2016-07-03 totaling $334.94 were confirmed fraudulent. Mixed-channel activity inconsistent with the cardholder; credentials and card data both used. Card blocked and reissued. Customer reimbursed.
CC-0071,C13372,C13372-K1,2016-07-04 23:04:32,2016-07-09 23:04:32,confirmed_fraud,card_not_present_new_device,3005539.0,3005539,1,47.19,,CREATE_CASE|BLOCK_CARD,No,"Case CC-0071: cardholder C13372 reported unrecognized activity on card C13372-K1. 1 transaction(s) between 2016-07-03 and 2016-07-03 totaling $47.19 were confirmed fraudulent. Online purchases from a device not previously seen on this account, inconsistent with the cardholder's history. Online transactions came from a Windows on chrome 61.0. Card blocked and reissued. Customer reimbursed."
CC-0072,C12111,C12111-K1,2016-07-04 23:29:45,2016-07-07 21:29:45,confirmed_fraud,out_of_region_use,3005146.0,3005146,1,150.0,,CREATE_CASE|BLOCK_CARD,No,"Case CC-0072: cardholder C12111 reported unrecognized activity on card C12111-K1. 1 transaction(s) between 2016-07-03 and 2016-07-03 totaling $150.00 were confirmed fraudulent. Card-present use in a billing region the cardholder had no history in, while the cardholder retained the card. Card blocked and reissued. Customer reimbursed."
CC-0073,C04597,C04597-K2,2016-07-04 23:30:43,2016-07-08 20:30:43,confirmed_fraud,card_not_present_new_device,3008421.0,3008421,1,60.78,,CREATE_CASE|BLOCK_CARD,No,"Case CC-0073: cardholder C04597 reported unrecognized activity on card C04597-K2. 1 transaction(s) between 2016-07-04 and 2016-07-04 totaling $60.78 were confirmed fraudulent. Online purchases from a device not previously seen on this account, inconsistent with the cardholder's history. Online transactions came from a Y635-L03 Build/HuaweiY635-L03 on chrome 62.0 for android. Card blocked and reissued. Customer reimbursed."
CC-0074,C11496,C11496-K2,2016-07-04 23:46:07,2016-07-08 21:46:07,confirmed_fraud,account_takeover,3008726.0,3008726,1,31.92,,CREATE_CASE|BLOCK_CARD,No,Case CC-0074: cardholder C11496 reported unrecognized activity on card C11496-K2. 1 transaction(s) between 2016-07-04 and 2016-07-04 totaling $31.92 were confirmed fraudulent. Mixed-channel activity inconsistent with the cardholder; credentials and card data both used. Card blocked and reissued. Customer reimbursed.
CC-0075,C05385,C05385-K2,2016-07-05 00:20:08,2016-07-07 04:20:08,confirmed_fraud,card_not_present_fraud,3006561.0,3006561,1,100.07,,CREATE_CASE|BLOCK_CARD,No,Case CC-0075: cardholder C05385 reported unrecognized activity on card C05385-K2. 1 transaction(s) between 2016-07-04 and 2016-07-04 totaling $100.07 were confirmed fraudulent. Online purchases inconsistent with the cardholder's usual merchants and amounts. Online transactions came from a Trident/7.0 on ie 11.0 for desktop. Card blocked and reissued. Customer reimbursed.
CC-0076,C05289,C05289-K2,2016-07-05 00:44:38,2016-07-07 20:44:38,confirmed_fraud,card_not_present_new_device,3004802.0,3004802|3004910,2,299.85,,CREATE_CASE|BLOCK_CARD,No,"Case CC-0076: cardholder C05289 reported unrecognized activity on card C05289-K2. 2 transaction(s) between 2016-07-03 and 2016-07-03 totaling $299.85 were confirmed fraudulent. Online purchases from a device not previously seen on this account, inconsistent with the cardholder's history. Online transactions came from a iOS Device on mobile safari 11.0. Card blocked and reissued. Customer reimbursed."
CC-0077,C05385,C05385-K2,2016-07-05 00:50:31,2016-07-05 22:50:31,cleared,none,,3009019,1,0.0,,VERIFY_WITH_CUSTOMER|CLOSE_NO_FRAUD,No,Case CC-0077: model scored a $50.05 transaction at 0.90. Cardholder confirmed travel to the billing region in question. Alert cleared.
CC-0078,C00978,C00978-K1,2016-07-05 01:42:34,2016-07-06 05:42:34,confirmed_fraud,card_not_present_new_device,3005866.0,3005866|3006663,2,131.31,,CREATE_CASE|BLOCK_CARD,No,"Case CC-0078: cardholder C00978 reported unrecognized activity on card C00978-K1. 2 transaction(s) between 2016-07-04 and 2016-07-04 totaling $131.31 were confirmed fraudulent. Online purchases from a device not previously seen on this account, inconsistent with the cardholder's history. Card blocked and reissued. Customer reimbursed."
CC-0079,C07149,C07149-K2,2016-07-05 02:47:36,2016-07-06 22:47:36,confirmed_fraud,account_takeover,3002258.0,3002258|3005470,2,188.62,,CREATE_CASE|BLOCK_CARD,No,Case CC-0079: cardholder C07149 reported unrecognized activity on card C07149-K2. 2 transaction(s) between 2016-07-03 and 2016-07-03 totaling $188.62 were confirmed fraudulent. Mixed-channel activity inconsistent with the cardholder; credentials and card data both used. Card blocked and reissued. Customer reimbursed.
CC-0080,C00938,C00938-K1,2016-07-05 03:00:33,2016-07-05 21:00:33,confirmed_fraud,card_not_present_fraud,3004998.0,3004998,1,29.92,,CREATE_CASE|BLOCK_CARD,No,Case CC-0080: cardholder C00938 reported unrecognized activity on card C00938-K1. 1 transaction(s) between 2016-07-03 and 2016-07-03 totaling $29.92 were confirmed fraudulent. Online purchases inconsistent with the cardholder's usual merchants and amounts. Card blocked and reissued. Customer reimbursed.
CC-0081,C06940,C06940-K1,2016-07-05 03:05:27,2016-07-08 21:05:27,confirmed_fraud,card_not_present_fraud,3005023.0,3005023,1,78.86,,CREATE_CASE|BLOCK_CARD,No,Case CC-0081: cardholder C06940 reported unrecognized activity on card C06940-K1. 1 transaction(s) between 2016-07-03 and 2016-07-03 totaling $78.86 were confirmed fraudulent. Online purchases inconsistent with the cardholder's usual merchants and amounts. Online transactions came from a Windows on chrome 62.0. Card blocked and reissued. Customer reimbursed.
CC-0082,C00621,C00621-K2,2016-07-05 03:09:46,2016-07-06 19:09:46,cleared,none,,3008084,1,0.0,,VERIFY_WITH_CUSTOMER|CLOSE_NO_FRAUD,No,Case CC-0082: model scored a $489.90 transaction at 0.86. Cardholder confirmed travel to the billing region in question. Alert cleared.
CC-0083,C04201,C04201-K1,2016-07-05 03:28:05,2016-07-06 00:28:05,cleared,none,,3009363,1,0.0,,VERIFY_WITH_CUSTOMER|CLOSE_NO_FRAUD,No,Case CC-0083: model scored a $18.83 transaction at 0.89. Cardholder confirmed the purchase from a new phone. Device added to profile. Alert cleared.
CC-0084,C12900,C12900-K2,2016-07-05 03:42:51,2016-07-10 18:42:51,confirmed_fraud,account_takeover,3007469.0,3007469|3007992,2,497.99,,CREATE_CASE|BLOCK_CARD,No,Case CC-0084: cardholder C12900 reported unrecognized activity on card C12900-K2. 2 transaction(s) between 2016-07-04 and 2016-07-04 totaling $497.99 were confirmed fraudulent. Mixed-channel activity inconsistent with the cardholder; credentials and card data both used. Card blocked and reissued. Customer reimbursed.
CC-0085,C10585,C10585-K2,2016-07-05 04:12:28,2016-07-07 22:12:28,confirmed_fraud,account_takeover,3001404.0,3001404|3001462|3004832|3004849|3004876|3008631|3008861,7,298.03,,CREATE_CASE|BLOCK_CARD,No,Case CC-0085: cardholder C10585 reported unrecognized activity on card C10585-K2. 7 transaction(s) between 2016-07-02 and 2016-07-04 totaling $298.03 were confirmed fraudulent. Mixed-channel activity inconsistent with the cardholder; credentials and card data both used. Card blocked and reissued. Customer reimbursed.
CC-0086,C05307,C05307-K2,2016-07-05 04:16:32,2016-07-10 00:16:32,confirmed_fraud,card_not_present_fraud,3009332.0,3009332,1,83.81,,CREATE_CASE|BLOCK_CARD,No,Case CC-0086: cardholder C05307 reported unrecognized activity on card C05307-K2. 1 transaction(s) between 2016-07-05 and 2016-07-05 totaling $83.81 were confirmed fraudulent. Online purchases inconsistent with the cardholder's usual merchants and amounts. Card blocked and reissued. Customer reimbursed.
CC-0087,C11031,C11031-K2,2016-07-05 04:17:51,2016-07-08 22:17:51,confirmed_fraud,out_of_region_use,3008876.0,3008876,1,399.92,,CREATE_CASE|BLOCK_CARD,No,"Case CC-0087: cardholder C11031 reported unrecognized activity on card C11031-K2. 1 transaction(s) between 2016-07-04 and 2016-07-04 totaling $399.92 were confirmed fraudulent. Card-present use in a billing region the cardholder had no history in, while the cardholder retained the card. Card blocked and reissued. Customer reimbursed."
CC-0088,C02477,C02477-K1,2016-07-05 04:58:21,2016-07-07 22:58:21,cleared,none,,3009046,1,0.0,,VERIFY_WITH_CUSTOMER|CLOSE_NO_FRAUD,No,Case CC-0088: model scored a $49.99 transaction at 0.87. Cardholder confirmed travel to the billing region in question. Alert cleared.
CC-0089,C09354,C09354-K1,2016-07-05 05:21:29,2016-07-06 17:21:29,confirmed_fraud,card_not_present_fraud,3007653.0,3007653|3007655|3007659,3,251.25,,CREATE_CASE|BLOCK_CARD,No,Case CC-0089: cardholder C09354 reported unrecognized activity on card C09354-K1. 3 transaction(s) between 2016-07-04 and 2016-07-04 totaling $251.25 were confirmed fraudulent. Online purchases inconsistent with the cardholder's usual merchants and amounts. Online transactions came from a Windows on chrome 62.0. Card blocked and reissued. Customer reimbursed.
CC-0090,C00854,C00854-K2,2016-07-05 07:42:35,2016-07-06 21:42:35,confirmed_fraud,out_of_region_use,3007110.0,3007110|3007173|3007336|3008705,4,770.29,,CREATE_CASE|BLOCK_CARD,No,"Case CC-0090: cardholder C00854 reported unrecognized activity on card C00854-K2. 4 transaction(s) between 2016-07-04 and 2016-07-04 totaling $770.29 were confirmed fraudulent. Card-present use in a billing region the cardholder had no history in, while the cardholder retained the card. Card blocked and reissued. Customer reimbursed."
CC-0091,C08913,C08913-K2,2016-07-05 08:37:44,2016-07-08 02:37:44,cleared,none,,3009776,1,0.0,,VERIFY_WITH_CUSTOMER|CLOSE_NO_FRAUD,No,Case CC-0091: model scored a $14.94 transaction at 0.94. Cardholder confirmed travel to the billing region in question. Alert cleared.
CC-0092,C12517,C12517-K2,2016-07-05 08:46:40,2016-07-10 21:46:40,confirmed_fraud,account_takeover,3008731.0,3008731,1,53.93,,CREATE_CASE|BLOCK_CARD,No,Case CC-0092: cardholder C12517 reported unrecognized activity on card C12517-K2. 1 transaction(s) between 2016-07-04 and 2016-07-04 totaling $53.93 were confirmed fraudulent. Mixed-channel activity inconsistent with the cardholder; credentials and card data both used. Card blocked and reissued. Customer reimbursed.
CC-0093,C07073,C07073-K1,2016-07-05 09:11:36,2016-07-07 14:11:36,confirmed_fraud,account_takeover,3006978.0,3006978|3007013,2,94.98,,CREATE_CASE|BLOCK_CARD,No,Case CC-0093: cardholder C07073 reported unrecognized activity on card C07073-K1. 2 transaction(s) between 2016-07-04 and 2016-07-04 totaling $94.98 were confirmed fraudulent. Mixed-channel activity inconsistent with the cardholder; credentials and card data both used. Card blocked and reissued. Customer reimbursed.
CC-0094,C12987,C12987-K1,2016-07-05 09:16:28,2016-07-09 02:16:28,confirmed_fraud,card_not_present_fraud,3009721.0,3009721,1,37.22,,CREATE_CASE|BLOCK_CARD,No,Case CC-0094: cardholder C12987 reported unrecognized activity on card C12987-K1. 1 transaction(s) between 2016-07-05 and 2016-07-05 totaling $37.22 were confirmed fraudulent. Online purchases inconsistent with the cardholder's usual merchants and amounts. Card blocked and reissued. Customer reimbursed.
CC-0095,C09301,C09301-K2,2016-07-05 09:22:19,2016-07-07 21:22:19,confirmed_fraud,out_of_region_use,3000824.0,3000824|3001548|3004896|3008509|3008623,5,447.09,,CREATE_CASE|BLOCK_CARD,No,"Case CC-0095: cardholder C09301 reported unrecognized activity on card C09301-K2. 5 transaction(s) between 2016-07-02 and 2016-07-04 totaling $447.09 were confirmed fraudulent. Card-present use in a billing region the cardholder had no history in, while the cardholder retained the card. Card blocked and reissued. Customer reimbursed."
CC-0096,C13001,C13001-K1,2016-07-05 09:30:38,2016-07-07 07:30:38,cleared,none,,3010143,1,0.0,,VERIFY_WITH_CUSTOMER|CLOSE_NO_FRAUD,No,"Case CC-0096: model scored a $2,000.97 transaction at 0.89. Cardholder confirmed travel to the billing region in question. Alert cleared."
CC-0097,C06988,C06988-K1,2016-07-05 11:06:37,2016-07-08 18:06:37,confirmed_fraud,card_not_present_fraud,3007851.0,3007851,1,51.29,,CREATE_CASE|BLOCK_CARD,No,Case CC-0097: cardholder C06988 reported unrecognized activity on card C06988-K1. 1 transaction(s) between 2016-07-04 and 2016-07-04 totaling $51.29 were confirmed fraudulent. Online purchases inconsistent with the cardholder's usual merchants and amounts. Card blocked and reissued. Customer reimbursed.
CC-0098,C07508,C07508-K2,2016-07-05 11:17:13,2016-07-07 03:17:13,cleared,none,,3009884,1,0.0,,VERIFY_WITH_CUSTOMER|CLOSE_NO_FRAUD,No,Case CC-0098: model scored a $9.86 transaction at 0.84. Cardholder confirmed the purchase from a new phone. Device added to profile. Alert cleared.
CC-0099,C06348,C06348-K1,2016-07-05 11:24:16,2016-07-07 04:24:16,cleared,none,,3010003,1,0.0,,VERIFY_WITH_CUSTOMER|CLOSE_NO_FRAUD,No,Case CC-0099: model scored a $124.95 transaction at 0.81. Cardholder confirmed the purchase from a new phone. Device added to profile. Alert cleared.
CC-0100,C10326,C10326-K1,2016-07-05 11:39:32,2016-07-07 01:39:32,confirmed_fraud,out_of_region_use,3009606.0,3009606,1,195.92,,CREATE_CASE|BLOCK_CARD,No,"Case CC-0100: cardholder C10326 reported unrecognized activity on card C10326-K1. 1 transaction(s) between 2016-07-05 and 2016-07-05 totaling $195.92 were confirmed fraudulent. Card-present use in a billing region the cardholder had no history in, while the cardholder retained the card. Card blocked and reissued. Customer reimbursed."
